File_name,Patient_index,Study_index,Series_ID,Key_slice_index,Measurement_coordinates,Bounding_boxes,Lesion_diameters_Pixel_,Normalized_lesion_location,Coarse_lesion_type,Possibly_noisy,Slice_range,Spacing_mm_px_,Image_size,DICOM_windows,Patient_gender,Patient_age,Train_Val_Test
004411_01_02_329.png,4411,1,2,329,"308.739, 234.938, 284.301, 202.914, 305.369, 212.606, 292.306, 222.574","279.301, 197.914, 313.739, 239.938","40.2834, 16.4314","0.611567, 0.313997, 0.644178",2,0,"299, 359","0.691406, 0.691406, 1","512, 512","-175, 275",F,57,2
004411_01_02_329.png,4411,1,2,329,"232.201, 205.467, 247.795, 238.709, 252.31, 211.623, 223.172, 225.292","218.172, 200.467, 257.31, 243.709","36.7178, 32.1848","0.464778, 0.321584, 0.644178",2,0,"299, 359","0.691406, 0.691406, 1","512, 512","-175, 275",F,57,2
