File_name,Patient_index,Study_index,Series_ID,Key_slice_index,Measurement_coordinates,Bounding_boxes,Lesion_diameters_Pixel_,Normalized_lesion_location,Coarse_lesion_type,Possibly_noisy,Slice_range,Spacing_mm_px_,Image_size,DICOM_windows,Patient_gender,Patient_age,Train_Val_Test
004409_01_01_008.png,4409,1,1,8,"322.283, 379.048, 342.317, 365.691, 326.735, 364.578, 337.865, 381.274","317.283, 359.578, 347.317, 386.274","24.0788, 20.0657","0.63181, 0.691944, 0.379848",3,0,"1, 18","0.431, 0.431, 3","512, 512","-220, 380",F,75,3
000016_01_01_008.png,16,1,1,8,"262.222, 214.222, 286.222, 214.222, 274.667, 226.667, 273.778, 205.333","257.222, 200.333, 291.222, 231.667","24, 21.3518","0.541926, 0.350768, 0.578449",4,0,"2, 14","0.703125, 0.703125, 5","512, 512","-175, 275",F,54,3
000016_01_01_030.png,16,1,1,30,"360, 359.111, 331.556, 345.778, 350.222, 344, 344, 358.222","326.556, 339, 365, 364.111","31.4144, 15.5238","0.682724, 0.63216, 0.687355",6,0,"19, 36","0.703125, 0.703125, 5","512, 512","-175, 275",F,54,3
000016_01_01_030.png,16,1,1,30,"146.667, 307.556, 104.889, 339.556, 131.556, 350.222, 107.556, 307.556","99.8889, 302.556, 151.667, 355.222","52.6249, 48.9535","0.221222, 0.586175, 0.687355",6,0,"19, 36","0.703125, 0.703125, 5","512, 512","-175, 275",F,54,3
000016_01_01_025.png,16,1,1,25,"172.444, 358.222, 125.333, 340.444, 144.889, 365.333, 156.444, 336","120.333, 331, 177.444, 370.333","50.3538, 31.5274","0.254966, 0.628073, 0.670661",6,0,"19, 36","0.703125, 0.703125, 5","512, 512","-175, 275",F,54,3
